{
  "mse": 492889007803322.6,
  "mae": 9444306.461281002,
  "r2": 0.5747727803723437
}